{
  "1": {
    "win_rate": 50.0,
    "avg_ai_moves_per_game": 36.0,
    "std_ai_moves_per_game": 19.544820285692065,
    "avg_time_per_ai_move": 0.0017240852735186409,
    "std_time_per_ai_move": 0.0017165729715664599
  },
  "2": {
    "win_rate": 100.0,
    "avg_ai_moves_per_game": 24.3,
    "std_ai_moves_per_game": 4.313930922024598,
    "avg_time_per_ai_move": 0.018754917688460812,
    "std_time_per_ai_move": 0.013819848885553458
  },
  "3": {
    "win_rate": 100.0,
    "avg_ai_moves_per_game": 16.0,
    "std_ai_moves_per_game": 2.32379000772445,
    "avg_time_per_ai_move": 0.0832872212442453,
    "std_time_per_ai_move": 0.049058049568420185
  },
  "4": {
    "win_rate": 100.0,
    "avg_ai_moves_per_game": 19.3,
    "std_ai_moves_per_game": 6.870953354520754,
    "avg_time_per_ai_move": 0.5463357020798019,
    "std_time_per_ai_move": 0.457612402442722
  },
  "5": {
    "win_rate": 100.0,
    "avg_ai_moves_per_game": 14.6,
    "std_ai_moves_per_game": 1.9078784028338913,
    "avg_time_per_ai_move": 1.8323244472570106,
    "std_time_per_ai_move": 1.6989896615176732
  }
}