{
  "1": {
    "win_rate": 90.0,
    "avg_ai_moves_per_game": 23.3,
    "std_ai_moves_per_game": 25.702334524318992,
    "avg_time_per_ai_move": 0.0018705167385945375,
    "std_time_per_ai_move": 0.0007058619880751569
  },
  "2": {
    "win_rate": 100.0,
    "avg_ai_moves_per_game": 25.2,
    "std_ai_moves_per_game": 19.49256268426499,
    "avg_time_per_ai_move": 0.020334842061163812,
    "std_time_per_ai_move": 0.014777448810825279
  },
  "3": {
    "win_rate": 100.0,
    "avg_ai_moves_per_game": 14.8,
    "std_ai_moves_per_game": 1.32664991614216,
    "avg_time_per_ai_move": 0.09287363378373541,
    "std_time_per_ai_move": 0.058956911695177965
  },
  "4": {
    "win_rate": 100.0,
    "avg_ai_moves_per_game": 14.6,
    "std_ai_moves_per_game": 0.9165151389911681,
    "avg_time_per_ai_move": 0.6066229684945763,
    "std_time_per_ai_move": 0.5699847762041197
  }
}