{
  "1": {
    "win_rate": 91.0,
    "avg_ai_moves_per_game": 28.77,
    "std_ai_moves_per_game": 25.195180094613338,
    "avg_time_per_ai_move": 0.001579361939356851,
    "std_time_per_ai_move": 0.0007682579338218637
  },
  "2": {
    "win_rate": 91.0,
    "avg_ai_moves_per_game": 32.01,
    "std_ai_moves_per_game": 27.467979539820544,
    "avg_time_per_ai_move": 0.014298634614075496,
    "std_time_per_ai_move": 0.01051609723309733
  },
  "3": {
    "win_rate": 100.0,
    "avg_ai_moves_per_game": 15.07,
    "std_ai_moves_per_game": 2.192053831455788,
    "avg_time_per_ai_move": 0.08247669674925025,
    "std_time_per_ai_move": 0.05253300362881844
  }
}