{
  "1": {
    "win_rate": 90.0,
    "avg_ai_moves_per_game": 32.8,
    "std_ai_moves_per_game": 29.471342012198903,
    "avg_time_per_ai_move": 0.001560549389978405,
    "std_time_per_ai_move": 0.0006667078586099382
  },
  "2": {
    "win_rate": 90.0,
    "avg_ai_moves_per_game": 38.4,
    "std_ai_moves_per_game": 26.974803057668467,
    "avg_time_per_ai_move": 0.018989955467532127,
    "std_time_per_ai_move": 0.01477988500665263
  }
}