{
  "1": {
    "win_rate": 90.0,
    "avg_ai_moves_per_game": 31.2,
    "std_ai_moves_per_game": 25.150745515789385,
    "avg_time_per_ai_move": 0.000810439423031102,
    "std_time_per_ai_move": 0.00031907572115415987
  },
  "2": {
    "win_rate": 100.0,
    "avg_ai_moves_per_game": 25.6,
    "std_ai_moves_per_game": 23.04864421175354,
    "avg_time_per_ai_move": 0.0057210578124795575,
    "std_time_per_ai_move": 0.003374445507775387
  },
  "3": {
    "win_rate": 100.0,
    "avg_ai_moves_per_game": 15.4,
    "std_ai_moves_per_game": 1.7435595774162693,
    "avg_time_per_ai_move": 0.031752363637478284,
    "std_time_per_ai_move": 0.01452030115309307
  },
  "4": {
    "win_rate": 100.0,
    "avg_ai_moves_per_game": 15.9,
    "std_ai_moves_per_game": 3.477067730142742,
    "avg_time_per_ai_move": 0.2355133207551857,
    "std_time_per_ai_move": 0.20357475070620387
  }
}